Language,original,german,english,czech,russian,polish,hungarian,italian,spanish,french,chinese,japanese,portuguese,chinesesimp
rl_create_group,Create Group,Gruppe erstellen,Create Group,Create Group,Create Group,Utwórz grupę,Create Group,Create Group,Crear Grupo,Create Group,Create Group,创建小组,Create Group,创建小组
rl_create,Create,erstellen,Create,Create,Create,Utwórz,Create,Create,Crear,Create,Create,创建,Create,创建
rl_groupname,Groupname,Gruppenname,Groupname,Groupname,Groupname,Nazwa grupy,Groupname,Groupname,Nombre del Clan,Groupname,Groupname,小组名称,Groupname,小组名称
rl_groupname_short,Group Tag Short,kurzer Gruppen Tag,Group Tag Short,Group Tag Short,Group Tag Short,Tag grupy,Group Tag Short,Group Tag Short,Tag del Clan,Group Tag Short,Group Tag Short,组标标记,Group Tag Short,组标标记
rl_group,Group,Gruppe,Group,Group,Group,Grupa,Group,Group,Grupo,Group,Group,团队,Group,团队
rl_playerlist,Online Players:,Spieler online:,Online Players:,Online Players:,Online Players:,Lista graczy:,Online Players:,Online Players:,Jugadores Online:,Online Players:,Online Players:,在线玩家:,Online Players:,在线玩家:
rl_search,Search:,Suchen:,Search:,Search:,Search:,Szukaj:,Search:,Search:,Buscar:,Search:,Search:,搜索:,Search:,搜索:
rl_info,Info,Info,Info,Info,Info,Informacje,Info,Info,Info,Info,Info,信息,Info,信息
rl_markers,Markers,Marker,Markers,Markers,Markers,Znaczniki,Markers,Markers,Marcas,Markers,Markers,标记,Markers,标记
rl_group_create_info,Enter a unique Groupname and a Short Group Tag. Creating a Group currently costs:,Gebe einen Gruppennamen und einen kurzen Gruppen Tag ein. Das Erstellen einer Gruppe kostet aktuell:,Enter a unique Groupname and a Short Group Tag. Creating a Group currently costs:,Enter a unique Groupname and a Short Group Tag. Creating a Group currently costs:,Enter a unique Groupname and a Short Group Tag. Creating a Group currently costs:,Wprowadź unikalną Nazwę grupy oraz Tag grupy. Koszt utworzenia grupy:,Enter a unique Groupname and a Short Group Tag. Creating a Group currently costs:,Enter a unique Groupname and a Short Group Tag. Creating a Group currently costs:,"Elige un nombre para el clan y un Tag, Crear el grupo cuesta:",Enter a unique Groupname and a Short Group Tag. Creating a Group currently costs:,Enter a unique Groupname and a Short Group Tag. Creating a Group currently costs:,输入唯一的组名和小组标记。创建一个分组当前需要花费:,Enter a unique Groupname and a Short Group Tag. Creating a Group currently costs:,输入唯一的组名和小组标记。创建一个分组当前需要花费:
rl_kick,Kick,Rauswerfen,Kick,Kick,Kick,Wyrzuć,Kick,Kick,Expulsar,Kick,Kick,踢,Kick,踢
rl_leave,Leave,Verlassen,Leave,Leave,Leave,Opuść,Leave,Leave,Salir,Leave,Leave,Leave,Leave,Leave
rl_promote,Promote,Befördern,Promote,Promote,Promote,Awansuj,Promote,Promote,Ascender,Promote,Promote,离开,Promote,离开
rl_demote,Demote,Degradieren,Demote,Demote,Demote,Zdegraduj,Demote,Demote,Degradar,Demote,Demote,降级,Demote,降级
rl_upgrade,Upgrade,Erweitern,Upgrade,Upgrade,Upgrade,Ulepsz,Upgrade,Upgrade,Mejorar,Upgrade,Upgrade,升级,Upgrade,升级
rl_join_subgroup,Join,Betreten,Join,Join,Join,Dołącz,Join,Join,Entrar,Join,Join,参加,Join,参加
rl_invite,Invite,Einladen,Invite,Invite,Invite,Zaproś,Invite,Invite,Invitar,Invite,Invite,邀请,Invite,邀请
rl_marker_icon,Icon:,Icon:,Icon:,Icon:,Icon:,Ikona:,Icon:,Icon:,Icono:,Icon:,Icon:,图标:,Icon:,图标:
rl_marker_name,Name:,Name:,Name:,Name:,Name:,Nazwa:,Name:,Name:,Nombre:,Name:,Name:,名称:,Name:,名称:
rl_marker_private,Private,Privat,Private,Private,Private,Prywatny,Private,Private,Privada,Private,Private,私人,Private,私人
rl_marker_global_temp,Servermarker (temp),Servermarker (temp),Servermarker (temp),Servermarker (temp),Servermarker (temp),Servermarker (tymaczsowy),Servermarker (temp),Servermarker (temp),Servermarker (temp),Servermarker (temp),Servermarker (temp),Servermarker (temp),Servermarker (temp),Servermarker (temp)
rl_marker_global_perm,Servermarker (perm),Servermarker (perm),Servermarker (perm),Servermarker (perm),Servermarker (perm),Servermarker (permanentny),Servermarker (perm),Servermarker (perm),Servermarker (perm),Servermarker (perm),Servermarker (perm),Servermarker (perm),Servermarker (perm),Servermarker (perm)
rl_visibility,Visibility:,Sichtbarkeit:,Visibility:,Visibility:,Visibility:,Widoczność:,Visibility:,Visibility:,Visibilidad:,Visibility:,Visibility:,可见度:,Visibility:,可见度:
rl_marker_add_notice_1,Double Click to add a Marker,Doppelklick zum Hinzufügen von Markern,Double Click to add a Marker,Double Click to add a Marker,Double Click to add a Marker,"Kliknij dwukrotnie, aby dodać znacznik",Double Click to add a Marker,Doble click para añadir marca,Doble click para añadir marca,Double Click to add a Marker,Double Click to add a Marker,双击以添加标记,Double Click to add a Marker,双击以添加标记
rl_marker_add_notice_2,DEL to Delete a Marker,DEL Taste zum Löschen,DEL to Delete a Marker,DEL to Delete a Marker,DEL to Delete a Marker,DEL aby usunąć znacznik,DEL to Delete a Marker,DEL to Delete a Marker,DEL para eliminar marcador,DEL to Delete a Marker,DEL to Delete a Marker,删除标记,DEL to Delete a Marker,删除标记
rl_color,Color:,Farbe:,Color:,Color:,Color:,Kolor:,Color:,Color:,Color:,Color:,Color:,颜色:,Color:,颜色:
rl_addmarker,Add Marker,Marker hinzufügen,Add Marker,Add Marker,Add Marker,Dodaj znacznik,Add Marker,Add Marker,Añadir marca,Add Marker,Add Marker,添加标记,Add Marker,添加标记
rl_Survivors,Survivors:,Überlebende:,Survivors:,Survivors:,Survivors:,Ocalali:,Survivors:,Survivors:,Supervivientes:,Survivors:,Survivors:,幸存者:,Survivors:,幸存者:
rl_Survivor,Survivor:,Überlebender:,Survivor:,Survivor:,Survivor:,Ocalały:,Survivor:,Survivor:,Superviviente:,Survivor:,Survivor:,幸存者:,Survivor:,幸存者:
rl_coordinates,Coordinates:,Koordinaten:,Coordinates:,Coordinates:,Coordinates:,Współrzędne:,Coordinates:,Coordinates:,Coordenadas:,Coordinates:,Coordinates:,协调:,Coordinates:,协调:
rl_gametime,Gametime:,Spielzeit:,Gametime:,Gametime:,Gametime:,Czas gry:,Gametime:,Gametime:,Tiempo de Juego:,Gametime:,Gametime:,游戏时间:,Gametime:,游戏时间:
rl_servertime,ServerTime:,Server-Zeit:,ServerTime:,ServerTime:,ServerTime:,Czas serwera:,ServerTime:,ServerTime:,Hora in game:,ServerTime:,ServerTime:,服务器时间:,ServerTime:,服务器时间:
rl_marker_list,Marker List:,Marker Liste:,Marker List:,Marker List:,Marker List:,Lista znaczników:,Marker List:,Marker List:,Lista de marcas:,Marker List:,Marker List:,标记列表:,Marker List:,标记列表:
rl_layout_styles,Layout Styles,Layoutstile,Layout Styles,Layout Styles,Layout Styles,Styl layoutu,Layout Styles,Layout Styles,Estilo del diseño,Layout Styles,Layout Styles,布局样式,Layout Styles,布局样式
rl_layout_positions,Layout Positions,Layoutpositionen,Layout Positions,Layout Positions,Layout Positions,Pozycja layoutu,Layout Positions,Layout Positions,Posicion del diseño,Layout Positions,Layout Positions,布局位置,Layout Positions,布局位置
rl_color_settings,Color Settings,Farbeinstellungen,Color Settings,Color Settings,Color Settings,Ustawienia koloru,Color Settings,Color Settings,Configuracion del color,Color Settings,Color Settings,颜色设置,Color Settings,颜色设置
rl_misc,Misc,Misc,Misc,Misc,Misc,Inne,Misc,Misc,Misc,Misc,Misc,杂项,Misc,杂项
rl_available,Available:,Verfügbar:,Available:,Available:,Available:,Dostępne:,Available:,Available:,Disponible:,Available:,Available:,可用:,Available:,可用:
rl_pick_style,Pick Style:,Style wählen,Pick Style:,Pick Style:,Pick Style:,Wybierz styl:,Pick Style:,Pick Style:,Elegir estilo:,Pick Style:,Pick Style:,挑选风格:,Pick Style:,挑选风格:
rl_default,Default,Standard,Default,Default,Default,Domyślny,Default,Default,Por defecto,Default,Default,默认的,Default,默认的
rl_preview,Preview:,Vorschau:,Preview:,Preview:,Preview:,Podgląd:,Preview:,Preview:,Visualizar:,Preview:,Preview:,预览:,Preview:,预览:
rl_positionX,X Position:,X Position:,X Position:,X Position:,X Position:,Pozycja X:,X Position:,X Position:,Posicion X:,X Position:,X Position:,X 位置:,X Position:,X 位置:
rl_positionY,Y Position:,Y Position:,Y Position:,Y Position:,Y Position:,Pozycja Y:,Y Position:,Y Position:,Posicion Y:,Y Position:,Y Position:,Y 位置:,Y Position:,Y 位置:
rl_invertX,Invert X,X Invertieren,Invert X,Invert X,Invert X,Odwróć X,Invert X,Invert X,Invertir X,Invert X,Invert X,反方向 X,Invert X,反方向 X
rl_invertY,Invert Y,Y Invertieren,Invert Y,Invert Y,Invert Y,Odwróć Y,Invert Y,Invert Y,Invertir Y,Invert Y,Invert Y,反方向 Y,Invert Y,反方向 Y
rl_color_picker,Color Picker:,Farbe wählen:,Color Picker:,Color Picker:,Color Picker:,Paleta kolorów:,Color Picker:,Color Picker:,Selector de color:,Color Picker:,Color Picker:,颜色选择:,Color Picker:,颜色选择:
rl_value_0_255,Value (0-255):,Wert (0-255):,Value (0-255):,Value (0-255):,Value (0-255):,Wartość (0-255):,Value (0-255):,Value (0-255):,Valor (0-255):,Value (0-255):,Value (0-255):,数值 (0-255):,Value (0-255):,数值 (0-255):
rl_channel_alpha,Alpha Channel (transparency):,Alpha Kanal (Transparenz):,Alpha Channel (transparency):,Alpha Channel (transparency):,Alpha Channel (transparency):,Kanał Alpha (przeźroczystość):,Alpha Channel (transparency):,Alpha Channel (transparency):,Canal Alpha (transparencia):,Alpha Channel (transparency):,Alpha Channel (transparency):,阿尔法 频道 (透明度):,Alpha Channel (transparency):,阿尔法 频道 (透明度):
rl_channel_red,Red Channel:,Roter Kanal:,Red Channel,Red Channel,Red Channel,Kanał Czerwony:,Red Channel,Red Channel,Canal rojo,Red Channel,Red Channel,红色 频道:,Red Channel,红色 频道:
rl_channel_green,Green Channel:,Grüner Kanal:,Green Channel:,Green Channel:,Green Channel:,Kanał Zielony:,Green Channel:,Green Channel:,Canal verde:,Green Channel:,Green Channel:,绿色 频道:,Green Channel:,绿色 频道:
rl_channel_blue,Blue Channel:,Blauer Kanal:,Blue Channel:,Blue Channel:,Blue Channel:,Kanał Niebieski:,Blue Channel:,Blue Channel:,Canal azul:,Blue Channel:,Blue Channel:,蓝色 频道:,Blue Channel:,蓝色 频道:
rl_enable_playerlist_info,"Enable PlayerList (default Toggle Keybind: ""U"")","Playerlist Aktivieren (Standard Key: ""U""","Enable PlayerList (default Toggle Keybind: ""U"")","Enable PlayerList (default Toggle Keybind: ""U"")","Enable PlayerList (default Toggle Keybind: ""U"")","Włącz listę graczy (domyślnie: U"")","Enable PlayerList (default Toggle Keybind: ""U"")","Enable PlayerList (default Toggle Keybind: ""U"")","Habilitar Lista de jugadores (tecla por defecto: ""U"")","Enable PlayerList (default Toggle Keybind: ""U"")","Enable PlayerList (default Toggle Keybind: ""U"")","启用 玩家列表 (默认切换 按键: ""U"")","Enable PlayerList (default Toggle Keybind: ""U"")","启用 玩家列表 (默认切换 按键: ""U"")"
rl_enable_compass_info,"Enable Compass (default Toggle Keybind: ""H"")","Kompass Aktivieren (Standard Key: ""H""","Enable Compass (default Toggle Keybind: ""H"")","Enable Compass (default Toggle Keybind: ""H"")","Enable Compass (default Toggle Keybind: ""H"")","Włącz kompas (domyślnie: H"")","Enable Compass (default Toggle Keybind: ""H"")","Enable Compass (default Toggle Keybind: ""H"")","Habilitar Brujula (Tecla por defecto: ""H"")","Enable Compass (default Toggle Keybind: ""H"")","Enable Compass (default Toggle Keybind: ""H"")","启用 罗盘 (默认的 切换 按键: ""H"")","Enable Compass (default Toggle Keybind: ""H"")","启用 罗盘 (默认的 切换 按键: ""H"")"
rl_ping_marker_icon,Ping Marker Icon:,Ping Marker Icon:,Ping Marker Icon:,Ping Marker Icon:,Ping Marker Icon:,Ikona szybkiego znacznika:,Ping Marker Icon:,Ping Marker Icon:,Icono de marcador del ping:,Ping Marker Icon:,Ping Marker Icon:,Ping 标记 图标:,Ping Marker Icon:,Ping 标记 图标:
rl_misc_warning_1,Values are only changed for this session !,Die Einstellungen bleiben nur bis zum Neustart erhalten !,Values are only changed for this session !,Values are only changed for this session !,Values are only changed for this session !,Wartości są tylko zmieniane dla tej sesji !,Values are only changed for this session !,Values are only changed for this session !,¡Los valores solo se cambian para esta sesion!,Values are only changed for this session !,Values are only changed for this session !,值仅在此会话中更改!,Values are only changed for this session !,值仅在此会话中更改!
rl_misc_warning_2,Press Save for persistent save,"Drücke speichern, für dauerhaft gespeicherte Einstellungen",Press Save for persistent save,Press Save for persistent save,Press Save for persistent save,"Kliknij Zapisz, aby zapisać ustawienia",Press Save for persistent save,Press Save for persistent save,Presione Guardar para guardar de forma permanente,Press Save for persistent save,Press Save for persistent save,按保存进行持久保存,Press Save for persistent save,按保存进行持久保存
rl_misc_reset_all,Reset All,Zurücksetzen,Reset All,Reset All,Reset All,Zresetuj ustawienia,Reset All,Reset All,Reiniciar todo,Reset All,Reset All,重置所有,Reset All,重置所有
rl_misc_reload_cfg,Reload Config,Neu Laden,Reload Config,Reload Config,Reload Config,Przeładuj ustawienia,Reload Config,Reload Config,Recargar configuracion,Reload Config,Reload Config,重新加载配置,Reload Config,重新加载配置
rl_misc_save_cfg,Save,Speichern,Save,Save,Save,Zapisz,Save,Save,Guardar,Save,Save,保存,Save,保存
rl_message_allowedChars,Group Name and Tag must not contain any Special Characters !,Guppenname und Tag darf keine Spezialzeichen enthalten !,Group Name and Tag must not contain any Special Characters !,Group Name and Tag must not contain any Special Characters !,Group Name and Tag must not contain any Special Characters !,Nazwa grupy i tag nie może zawierać specjalnych znaków !,Group Name and Tag must not contain any Special Characters !,Group Name and Tag must not contain any Special Characters !,El nombre del clan y el Tag no pueden contener caracteres !,Group Name and Tag must not contain any Special Characters !,Group Name and Tag must not contain any Special Characters !,组名和标签不能包含特殊字符!,Group Name and Tag must not contain any Special Characters !,组名和标签不能包含特殊字符!
rl_message_nameTaken,Group Name is already taken !,Gruppenname bereits vergeben !,Group Name is already taken !,Group Name is already taken !,Group Name is already taken !,Nazwa grupy jest już zajęta !,Group Name is already taken !,Group Name is already taken !,El nombre del Clan ya esta en uso !,Group Name is already taken !,Group Name is already taken !,组名已被占用!,Group Name is already taken !,组名已被占用!
rl_message_tagTaken,Group Tag is already taken !,Gruppentag bereits vergeben !,Group Tag is already taken !,Group Tag is already taken !,Group Tag is already taken !,Tag grupy jest już zajęty !,Group Tag is already taken !,Group Tag is already taken !,El TAg del clan ya esta en uso!,Group Tag is already taken !,Group Tag is already taken !,小组标签已被占用 !,Group Tag is already taken !,小组标签已被占用 !
rl_message_internalError,Internal Server Error,Interne Server Fehler,Internal Server Error,Internal Server Error,Internal Server Error,Internal Server Error,Internal Server Error,Internal Server Error,Error de servidor interno,Internal Server Error,Internal Server Error,内部服务器错误,Internal Server Error,内部服务器错误
rl_message_noEnoughMoney,No enough money ! Group creation costs:,Nicht genug Geld ! Gruppenerstellung kostet:,No enough money ! Group creation costs:,No enough money ! Group creation costs:,No enough money ! Group creation costs:,Nie wystarczająco pieniędzy ! Koszt utworzenia grupy:,No enough money ! Group creation costs:,No enough money ! Group creation costs:,No tienes suficiente dinero! Crear un clan cuesta:,No enough money ! Group creation costs:,No enough money ! Group creation costs:,没有足够的钱!组的创建成本:,No enough money ! Group creation costs:,没有足够的钱!组的创建成本:
rl_message_groupNotfound,Group was not found !,Gruppe nicht gefunden !,Group was not found !,Group was not found !,Group was not found !,Nie znaleziono grupy !,Group was not found !,Group was not found !,No se encontro el Clan!,Group was not found !,Group was not found !,没有找到组 !,Group was not found !,没有找到组 !
rl_message_inviteNotfound,Invite was not found !,Einladung nicht gefunden !,Invite was not fround !,Invite was not fround !,Invite was not fround !,Nie znaleziono zaproszenia !,Invite was not fround !,Invite was not fround !,No se encontro la invitacion !,Invite was not fround !,Invite was not fround !,未找到邀请 !,Invite was not fround !,未找到邀请 !
rl_message_groupSystem,Groupsystem,Gruppensystem,Groupsystem,Groupsystem,Groupsystem,Systemgrup,Groupsystem,Groupsystem,Sistema de Clan,Groupsystem,Groupsystem,小组系统,Groupsystem,小组系统
rl_message_noPermissionsMarker,You don't have the Permission to add Markers !,"Du hast keine Berechtigung, um Marker hinzuzufügen !",You don't have the Permission to add Markers !,You don't have the Permission to add Markers !,You don't have the Permission to add Markers !,"Nie posiadasz wystarczających permisji, aby dodać znacznik !",You don't have the Permission to add Markers !,Bo tienes permisos para añadir marcas !,You don't have the Permission to add Markers !,You don't have the Permission to add Markers !,You don't have the Permission to add Markers !,您没有“添加标记的权限” !,You don't have the Permission to add Markers !,您没有“添加标记的权限” !
rl_message_markerLimitReached,Marker Limit Reached !,Marker Limit erreicht !,Marker Limit Reached !,Marker Limit Reached !,Marker Limit Reached !,Osiągnieto limit znaczników !,Marker Limit Reached !,Marker Limit Reached !,Limite maximo de marcas alcanzado!,Marker Limit Reached !,Marker Limit Reached !,标记限制达到 !,Marker Limit Reached !,标记限制达到 !
rl_message_noPermissionsRemove,You don't have the Permission to remove Markers !,"Du hast keine Berechtigung, um Marker zu löschen !",You don't have the Permission to remove Markers !,You don't have the Permission to remove Markers !,You don't have the Permission to remove Markers !,"Nie posiadasz wystarczających permisji, aby usunąć znacznik !",You don't have the Permission to remove Markers !,You don't have the Permission to remove Markers !,No tienes permiso para eliminar marcas!,You don't have the Permission to remove Markers !,You don't have the Permission to remove Markers !,你没有移除标记的许可 !,You don't have the Permission to remove Markers !,你没有移除标记的许可 !
rl_message_noPermissionsInvite,You Don't have the Permission to invite Players !,"Du hast keine Berechtigung, um Spieler einzuladen !",You Don't have the Permission to invite Players !,You Don't have the Permission to invite Players !,You Don't have the Permission to invite Players !,"Nie posiadasz wystarczających permisji, aby zaprosić gracza !",You Don't have the Permission to invite Players !,You Don't have the Permission to invite Players !,No tienes permisos para invitar jugadores !,You Don't have the Permission to invite Players !,You Don't have the Permission to invite Players !,你没有邀请玩家的许可 !,You Don't have the Permission to invite Players !,你没有邀请玩家的许可 !
rl_message_noPermissionsPromote,You don't have the Permission to Promote This Player !,"Du hast keine Berechtigung, um den Spieler zu befördern !",You don't have the Permission to Promote This Player !,You don't have the Permission to Promote This Player !,You don't have the Permission to Promote This Player !,"Nie posiadasz wystarczających permisji, aby awansować gracza !",You don't have the Permission to Promote This Player !,You don't have the Permission to Promote This Player !,You don't have the Permission to Promote This Player !,You don't have the Permission to Promote This Player !,You don't have the Permission to Promote This Player !,您没有提升此玩家的权限 !,You don't have the Permission to Promote This Player !,您没有提升此玩家的权限 !
rl_message_noPermissionsDemote,You don't have the Permission to Demote This Player !,"Du hast keine Berechtigung, umd den Spieler zu degradieren !",You don't have the Permission to Demote This Player !,You don't have the Permission to Demote This Player !,You don't have the Permission to Demote This Player !,"Nie posiadasz wystarczających permisji, aby zdegradować gracza !",You don't have the Permission to Demote This Player !,You don't have the Permission to Demote This Player !,No tienes permisos para ascender a este jugador!,You don't have the Permission to Demote This Player !,You don't have the Permission to Demote This Player !,您没有降级此玩家的权限 !,You don't have the Permission to Demote This Player !,您没有降级此玩家的权限 !
rl_message_noPermissionsKick,You don't have the Permission to Kick This Player !,"Du hast keine Berechtigung, um den Spieler rauszuschmeißen !",You don't have the Permission to Kick This Player !,You don't have the Permission to Kick This Player !,You don't have the Permission to Kick This Player !,"Nie posiadasz wystarczających permisji, aby wyrzucić gracza !",You don't have the Permission to Kick This Player !,You don't have the Permission to Kick This Player !,No tienes permisos para expulsar a este jugador !,You don't have the Permission to Kick This Player !,You don't have the Permission to Kick This Player !,你没有踢这个球员的权限 !,You don't have the Permission to Kick This Player !,你没有踢这个球员的权限 !
rl_message_noPermissionsUpgrade,You don't have the Permission to Upgrade the Group !,"Du hast keine Berechtigung, um die Gruppe zu erweitern !",You don't have the Permission to Upgrade the Group !,You don't have the Permission to Upgrade the Group !,You don't have the Permission to Upgrade the Group !,"Nie posiadasz wystarczających permisji, aby ulepszyć grupę !",You don't have the Permission to Upgrade the Group !,You don't have the Permission to Upgrade the Group !,No tienes permisos paa ascender el Clan !,You don't have the Permission to Upgrade the Group !,You don't have the Permission to Upgrade the Group !,您没有升级组的权限 !,You don't have the Permission to Upgrade the Group !,您没有升级组的权限 !
rl_message_maxLevelReached,Max Level Reached !,Höchstes Level erreicht !,Max Level Reached !,Max Level Reached !,Max Level Reached !,Osiągnięto maksymalny poziom !,Max Level Reached !,Max Level Reached !,Nivel maximo alcanzado!,Max Level Reached !,Max Level Reached !,达到最大水平 !,Max Level Reached !,达到最大水平 !
rl_message_playerNotFound,Unable to find Selected Player !,Ausgewählter Spieler wurde nicht gefunden !,Unable to find Selected Player !,Unable to find Selected Player !,Unable to find Selected Player !,Nie udało się znaleźć gracza !,Unable to find Selected Player !,Unable to find Selected Player !,No se pudo encontrar al jugador seleccionado !,Unable to find Selected Player !,Unable to find Selected Player !,找不到选定的玩家 !,Unable to find Selected Player !,找不到选定的玩家 !
rl_message_alreadyInGroup,Player is already in a Group !,Der Spieler ist bereits in einer Gruppe !,Player is already in a Group !,Player is already in a Group !,Player is already in a Group !,Gracz należy aktualnie do grupy !,Player is already in a Group !,Player is already in a Group !,El jugador ya esta en el Clan!,Player is already in a Group !,Player is already in a Group !,玩家已经在一个组中 !,Player is already in a Group !,玩家已经在一个组中 !
rl_message_invited,Player Invited,Spieler eingeladen,Player Invited,Player Invited,Player Invited,Gracz zaproszony,Player Invited,Player Invited,Jugador invitado,Player Invited,Player Invited,邀请玩家,Player Invited,邀请玩家
rl_message_groupFull,Group is full !,Die Gruppe ist voll !,Group is full !,Group is full !,Group is full !,Grupa jest pełna !,Group is full !,Group is full !,El clan esta completo!,Group is full !,Group is full !,团体已满 !,Group is full !,团体已满 !
rl_message_subgroupJoined,You joined Subgroup:,Untergruppe beigetreten:,You joined Subgroup:,You joined Subgroup:,You joined Subgroup:,Dołączyłeś do podgrupy:,You joined Subgroup:,You joined Subgroup:,Te uniste al subgrupo :,You joined Subgroup:,You joined Subgroup:,你加入了小组:,You joined Subgroup:,你加入了小组:
rl_message_groupLeft,You left the Group,Gruppe verlassen:,You left the Group,You left the Group,You left the Group,Opuściłeś grupę,You left the Group,You left the Group,Saliste del Clan,You left the Group,You left the Group,你离开了小组,You left the Group,你离开了小组
rl_message_groupUpgraded,Group upgraded to Level:,Grupper erweitert auf Level:,Group upgraded to Level:,Group upgraded to Level:,Group upgraded to Level:,Ulepszono grupę do poziomu:,Group upgraded to Level:,Group upgraded to Level:,Clan ascendido a nivel:,Group upgraded to Level:,Group upgraded to Level:,组别提升至二级:,Group upgraded to Level:,组别提升至二级:
rl_message_settingsToDefault,Settings have all been reset to Default !,Alle Einstellungen auf Standard zurückgesetzt,Settings have all been reset to Default !,Settings have all been reset to Default !,Settings have all been reset to Default !,Przywrócono ustawienia do domyślnych !,Settings have all been reset to Default !,Settings have all been reset to Default !,Configuracion restaurada por defecto !,Settings have all been reset to Default !,Settings have all been reset to Default !,所有设置都已重置为默认值 !,Settings have all been reset to Default !,所有设置都已重置为默认值 !
rl_message_settingsSaved,Settings have been saved !,Einstellungen wurden gespeichert !,Settings have been saved !,Settings have been saved !,Settings have been saved !,Zapisano ustawienia !,Settings have been saved !,Settings have been saved !,Configuracion guardada !,Settings have been saved !,Settings have been saved !,设置已保存 !,Settings have been saved !,设置已保存 !
rl_message_settingsReloaded,Settings have been reloaded !,Einstellungen neu geladen !,Settings have been reloaded !,Settings have been reloaded !,Settings have been reloaded !,Przeładowano ustawienia !,Settings have been reloaded !,Settings have been reloaded !,Configuracion restaurada !,Settings have been reloaded !,Settings have been reloaded !,设置已重新加载!,Settings have been reloaded !,设置已重新加载!
rl_message_globalMarkerAdded,Global Marker added !,Globaler Marker hinzugefügt !,Global Marker added !,Global Marker added !,Global Marker added !,Global znacznik dodany !,Global Marker added !,Global Marker added !,Marca global añadida !,Global Marker added !,Global Marker added !,添加了全局标记 !,Global Marker added !,添加了全局标记 !
rl_message_markerNotFound,Marker not found !,Marker nicht gefunden !,Marker not found !,Marker not found !,Marker not found !,Znacznik nie znaleziony !,Marker not found !,Marker not found !,Marca no encontrada!,Marker not found !,Marker not found !,找不到标记 !,Marker not found !,找不到标记 !
rl_message_globalMarkerRemoved,Global Marker removed !,Globaler Marker gelöscht !,Global Marker removed !,Global Marker removed !,Global Marker removed !,Globalny znacznik usunięty !,Global Marker removed !,Global Marker removed !,Marca global eliminada !,Global Marker removed !,Global Marker removed !,删除全局标记 !,Global Marker removed !,删除全局标记 !
rl_message_groupNameBetween1,Group Name must be between,Gruppenname muss zwischen,Group Name must be between,Group Name must be between,Group Name must be between,Nazwa grupy musi zawierać,Group Name must be between,Group Name must be between,El nombre dl clan debe estar entre,Group Name must be between,Group Name must be between,组名必须介于,Group Name must be between,组名必须介于
rl_message_groupNameBetween2,and,und,and,and,and,a,and,and,y,and,and,和,and,和
rl_message_groupNameBetween3,characters !,Zeichen sein !,characters !,characters !,characters !,graczy !,characters !,characters !,caracteres !,characters !,characters !,人物 !,characters !,人物 !
rl_message_groupTagBetween1,Group Tag must be between,Gruppentag muss zwischen,Group Tag must be between,Group Tag must be between,Group Tag must be between,Tag grupy musi być pomiędzy,Group Tag must be between,Group Tag must be between,El Tag del clan debe estar entre,Group Tag must be between,Group Tag must be between,组标记必须介于,Group Tag must be between,组标记必须介于
rl_message_promotedRank,Rank,befördert,Rank,Rank,Rank,Rangi,Rank,Rank,Rango,Rank,Rank,等级,Rank,等级
rl_message_demotedRank,Rank,degradiert,Rank,Rank,Rank,Rangi,Rank,Rank,Rango,Rank,Rank,等级,Rank,等级
rl_message_promotedTo1,You Promoted,Du hast,You Promoted,You Promoted,You Promoted,Awansowałeś,You Promoted,You Promoted,Has ascendido,You Promoted,You Promoted,你升职了,You Promoted,你升职了
rl_message_promotedTo2,to,zum,to,to,to,do,to,to,a,to,to,到,to,到
rl_message_promotedTo3,You were Promoted to,Du wurdest zum,You were Promoted to,You were Promoted to,You were Promoted to,Zostałeś awansowany do,You were Promoted to,You were Promoted to,Fuiste ascendido a,You were Promoted to,You were Promoted to,你被提升为,You were Promoted to,你被提升为
rl_message_demotedTo1,You Demoted,Du hast,You Demoted,You Demoted,You Demoted,Zdegradowałeś,You Demoted,You Demoted,Degradado,You Demoted,You Demoted,你降级了,You Demoted,你降级了
rl_message_demotedTo3,You were Demoted to,Du wurdest zum,You were Demoted to,You were Demoted to,You were Demoted to,Zostałeś zdegradowany do,You were Demoted to,You were Demoted to,has sido degradado,You were Demoted to,You were Demoted to,你被降职了,You were Demoted to,你被降职了
rl_message_kick1,You Kicked,Du hast,You Kicked,You Kicked,You Kicked,Zostałeś wyrzucony,You Kicked,You Kicked,Has sido expulsado,You Kicked,You Kicked,你踢了,You Kicked,你踢了
rl_message_kick2,from your Group,aus der Gruppe geworfen,from your Group,from your Group,from your Group,Twojej grupy,from your Group,from your Group,De tu Clan,from your Group,from your Group,来自您的团队,from your Group,来自您的团队
rl_message_kick3,You were Kicked from,Du wurdest aus der Gruppe,You were Kicked from,You were Kicked from,You were Kicked from,Zostałeś wyrzucony z,You were Kicked from,You were Kicked from,Has sido expulsado de,You were Kicked from,You were Kicked from,你被开除了,You were Kicked from,你被开除了
rl_message_kick4,,geworfen,,,,,,,Expulsado,,,,,
rl_message_invite1,invited you to his Group,hat dich in seine Gruppe,invited you to his Group,invited you to his Group,invited you to his Group,zaprosił Cię do swojej grupy,invited you to his Group,invited you to his Group,Te invito a su Clan,invited you to his Group,invited you to his Group,邀请你参加他的小组,invited you to his Group,邀请你参加他的小组
rl_message_invite2,Press CTRL + J to join.,eingeladen. Drücke STRG + J zum Beitreten.,Press CTRL + J to join.,Press CTRL + J to join.,Press CTRL + J to join.,"Przyciśnij CTRL + J , aby dołączyć.",Press CTRL + J to join.,Press CTRL + J to join.,Pulsa CTRL + J para entrar.,Press CTRL + J to join.,Press CTRL + J to join.,按CTRL+J组合键进行连接.,Press CTRL + J to join.,按CTRL+J组合键进行连接.
rl_message_youalreadyInGroup,You are already in a Group !,Du bist bereits in einer Gruppe !,You are already in a Group !,You are already in a Group !,You are already in a Group !,Należysz już do grupy !,You are already in a Group !,You are already in a Group !,Ya estas en este Clan !,You are already in a Group !,You are already in a Group !,您已经在一个组中 !,You are already in a Group !,您已经在一个组中 !
rl_message_squadRequiredToSetupPlotpole,You need to have a group to setup the FlagPole !,"Du brauchst eine Gruppe, um eine Flagge aufzustellen !",You need to have a group to setup the FlagPole !,You need to have a group to setup the FlagPole !,You need to have a group to setup the FlagPole !,"Potrzebujesz grupy, aby postawić flagę !",You need to have a group to setup the FlagPole !,You need to have a group to setup the FlagPole !,Necesitas tener un Clan para instalar una bandera !,You need to have a group to setup the FlagPole !,You need to have a group to setup the FlagPole !,你需要一个团队来设置旗杆 !,You need to have a group to setup the FlagPole !,你需要一个团队来设置旗杆 !
rl_message_maxPlotpoleReached,Maximum amount of Flagpoles reached !,Maximale Anzahl an Flagpoles erreicht,Maximum amount of Flagpoles reached !,Maximum amount of Flagpoles reached !,Maximum amount of Flagpoles reached !,Osiągnałeś maksymalną ilość flag !,Maximum amount of Flagpoles reached !,Maximum amount of Flagpoles reached !,Maximo de banderas alcanzado !,Maximum amount of Flagpoles reached !,Maximum amount of Flagpoles reached !,达到的旗杆最大数量 !,Maximum amount of Flagpoles reached !,达到的旗杆最大数量 !
rl_action_claim_flag,Claim Flag,Flagge übernehmen,Claim Flag,Claim Flag,Claim Flag,Przejmij flagę,Claim Flag,Claim Flag,Reclamar bandera,Claim Flag,Claim Flag,索赔标志,Claim Flag,索赔标志
rl_chat_text_size,Chat Text Size:,Chat Textgröße,Chat Text Size:,Chat Text Size:,Chat Text Size:,Rozmiar czcionki czatu:,Chat Text Size:,Chat Text Size:,Tamañao del Chat:,Chat Text Size:,Chat Text Size:,聊天文本大小:,Chat Text Size:,聊天文本大小:
rl_ping_icon_size,Ping Icon Size:,Ping Icongröße,Ping Icon Size:,Ping Icon Size:,Ping Icon Size:,Rozmiar szybkiego znacznika:,Ping Icon Size:,Ping Icon Size:,Tamaño del icono:,Ping Icon Size:,Ping Icon Size:,Ping图标大小:,Ping Icon Size:,Ping图标大小:
rl_show_chat_tag,Show Group Tag in Chat,Zeige Gruppen Tag im Chat,Show Group Tag in Chat,Show Group Tag in Chat,Show Group Tag in Chat,Pokaż TAG grupy na czacie,Show Group Tag in Chat,Show Group Tag in Chat,Mostrar Tag de Clan en el chat,Show Group Tag in Chat,Show Group Tag in Chat,在聊天中显示组标记,Show Group Tag in Chat,在聊天中显示组标记
rl_message_onlyDeployInOwnTerritorry,You need a Territorry to deploy this Object !,"Du brauchst ein Territorium, um das Objekt zu platzieren !",You need a Territorry to deploy this Object !,You need a Territorry to deploy this Object !,You need a Territorry to deploy this Object !,"Potrzebujesz terytorium, aby postawić ten obiekt !",You need a Territorry to deploy this Object !,You need a Territorry to deploy this Object !,Necesitas un Territorio para instalar este objeto !,You need a Territorry to deploy this Object !,You need a Territorry to deploy this Object !,您需要一个领地来部署此对象 !,You need a Territorry to deploy this Object !,您需要一个领地来部署此对象 !
rl_message_squadRequiredToDeployObjects,You need a Group to deploy this Object !,"Du brauchst eine Gruppe, um das Objekt aufzustellen !",You need a Group to deploy this Object !,You need a Group to deploy this Object !,You need a Group to deploy this Object !,"Potrzebujesz grupy, aby postawić ten obiekt !",You need a Group to deploy this Object !,You need a Group to deploy this Object !,Necesitas formar parte de un Clan para instalar este objeto !,You need a Group to deploy this Object !,You need a Group to deploy this Object !,您需要一个组来部署此对象 !,You need a Group to deploy this Object !,您需要一个组来部署此对象 !
rl_playerlist_style,Player List Style:,Spieler Liste:,Player List Style:,Player List Style:,Player List Style:,Wygląd listy graczy:,Player List Style:,Player List Style:,Estilo de la lista de jugadores:,Player List Style:,Player List Style:,玩家名单风格:,Player List Style:,玩家名单风格:
rl_refresh,Refresh,Aktualisieren,Refresh,Refresh,Refresh,Odśwież,Refresh,Refresh,Recargar,Refresh,Refresh,刷新,Refresh,刷新
rl_header_grp_management,Group Management,Gruppenverwaltung,Group Management,Group Management,Group Management,Zarządzanie grupą,Group Management,Group Management,Clan manager,Group Management,Group Management,集团管理,Group Management,集团管理
rl_header_group_info,Group Information,Gruppen Informationen,Group Information,Group Information,Group Information,Informacja grupy,Group Information,Group Information,Informacion del Clan,Group Information,Group Information,小组信息,Group Information,小组信息
rl_btn_copy_coords,Copy Player Coordinates,Koordinaten kopieren,Copy Player Coordinates,Copy Player Coordinates,Copy Player Coordinates,Skopiuj swoje współrzędne,Copy Player Coordinates,Copy Player Coordinates,Copiar coordenadas del jugador,Copy Player Coordinates,Copy Player Coordinates,复制玩家坐标,Copy Player Coordinates,复制玩家坐标
rl_drag_markers,Drag Markers,Marker verschieben,Drag Markers,Drag Markers,Drag Markers,Przeciągnij znacznik,Drag Markers,Drag Markers,Desmarcar,Drag Markers,Drag Markers,拖动标记,Drag Markers,拖动标记
rl_zones_list,No Build Zones:,keine Bauzonen:,No Build Zones:,No Build Zones:,No Build Zones:,Strefy bez budowania:,No Build Zones:,No Build Zones:,Zono restringida de constuccion:,No Build Zones:,No Build Zones:,禁止建造区:,No Build Zones:,禁止建造区:
rl_zones_add,Add new Zone,Verbotszone hinzufügen,Add new Zone,Add new Zone,Add new Zone,Dodaj nową strefę,Add new Zone,Add new Zone,Añadir nueva zona,Add new Zone,Add new Zone,添加新区域,Add new Zone,添加新区域
rl_zones_desc_radius,Zone Radius:,Zonen Radius:,Zone Radius:,Zone Radius:,Zone Radius:,Zasięg strefy:,Zone Radius:,Zone Radius:,Radio de la zona:,Zone Radius:,Zone Radius:,区域半径:,Zone Radius:,区域半径:
rl_zones_desc_name,Zone Name:,Zonen Name:,Zone Name:,Zone Name:,Zone Name:,Nazwa strefy:,Zone Name:,Zone Name:,Nombre de la zona:,Zone Name:,Zone Name:,区域名称:,Zone Name:,区域名称:
rl_gps_size,GPS Size:,GPS Größe:,GPS Size:,GPS Size:,GPS Size:,Rozmiar GPS:,GPS Size:,GPS Size:,Tamaño del GPS:,GPS Size:,GPS Size:,GPS 尺寸:,GPS Size:,GPS 尺寸:
rl_gps_zoom,GPS Zoom:,GPS Zoom:,GPS Zoom:,GPS Zoom:,GPS Zoom:,Powiększenie GPS:,GPS Zoom:,GPS Zoom:,GPS Zoom:,GPS Zoom:,GPS Zoom:,GPS 变焦:,GPS Zoom:,GPS 变焦:
rl_enable_gps_info,"Enable GPS (default Toggle Keybind: ""B"")","GPS Aktivieren (Standard Key: ""H""","Enable GPS (default Toggle Keybind: ""B"")","Enable GPS (default Toggle Keybind: ""B"")","Enable GPS (default Toggle Keybind: ""B"")","Włącz GPS (domyślnie: B"")","Enable GPS (default Toggle Keybind: ""B"")","Enable GPS (default Toggle Keybind: ""B"")","Activar GPS (Tecla por defecto: ""B"")","Enable GPS (default Toggle Keybind: ""B"")","Enable GPS (default Toggle Keybind: ""B"")","启用GPS（默认切换键绑定）: ""B"")","Enable GPS (default Toggle Keybind: ""B"")","启用GPS（默认切换键绑定）: ""B"")"
rl_show_no_build_info,Show No Build Zones:,Bauverbotszonen anzeigen:,Show No Build Zones:,Show No Build Zones:,Show No Build Zones:,Pokaż strefy bez budowania:,Show No Build Zones:,Show No Build Zones:,Mostrar zonas restringidas:,Show No Build Zones:,Show No Build Zones:,显示无构建区域:,Show No Build Zones:,显示无构建区域:
rl_playermarker_pos,Player Marker Position:,Spieler Marker Position:,Player Marker Position:,Player Marker Position:,Player Marker Position:,Pozycja znacznika gracza:,Player Marker Position:,Player Marker Position:,Marca de la posicion del jugador:,Player Marker Position:,Player Marker Position:,玩家标记位置:,Player Marker Position:,玩家标记位置:
"rl_txt_delete","Delete","Löschen", "Delete", "Delete", "Delete", "Delete", "Delete", "Delete", "Delete", "Delete", "Delete", "Delete", "Delete", "Delete",
"rl_txt_ok", "OK", "OK", "OK", "OK", "OK", "OK", "OK", "OK", "OK", "OK", "OK", "OK", "OK", "OK",
"rl_txt_enable_no_build_zones", "Enable No Build Zones", "Verbotszonen aktivieren", "Enable No Build Zones", "Enable No Build Zones", "Enable No Build Zones", "Enable No Build Zones", "Enable No Build Zones", "Enable No Build Zones", "Enable No Build Zones", "Enable No Build Zones", "Enable No Build Zones", "Enable No Build Zones", "Enable No Build Zones", "Enable No Build Zones",
"rl_txt_save_all", "Save all", "Speichern", "Save all", "Save all", "Save all", "Save all", "Save all", "Save all", "Save all", "Save all", "Save all", "Save all", "Save all", "Save all",
"rl_txt_toggle_placing", "Toggle Placing", "Platzieren umschalten", "Toggle Placing", "Toggle Placing", "Toggle Placing", "Toggle Placing", "Toggle Placing", "Toggle Placing", "Toggle Placing", "Toggle Placing", "Toggle Placing", "Toggle Placing", "Toggle Placing", "Toggle Placing",
"rl_txt_show_all_teritorryFlags", "Show All Territorry Flags", "Alle Flaggen anzeigen", "Show All Territorry Flags", "Show All Territorry Flags", "Show All Territorry Flags", "Show All Territorry Flags", "Show All Territorry Flags", "Show All Territorry Flags", "Show All Territorry Flags", "Show All Territorry Flags", "Show All Territorry Flags", "Show All Territorry Flags", "Show All Territorry Flags", "Show All Territorry Flags",
"rl_edit_marker", "Edit Marker", "Marker bearbeiten", "Edit Marker", "Edit Marker", "Edit Marker", "Edit Marker", "Edit Marker", "Edit Marker", "Edit Marker", "Edit Marker", "Edit Marker", "Edit Marker", "Edit Marker", "Edit Marker",
"rl_copied_user_details", "User Details Copied to Clipboard", "Spieler Infos in Zwischenablage kopiert", "User Details Copied to Clipboard", "User Details Copied to Clipboard", "User Details Copied to Clipboard", "User Details Copied to Clipboard", "User Details Copied to Clipboard", "User Details Copied to Clipboard", "User Details Copied to Clipboard", "User Details Copied to Clipboard", "User Details Copied to Clipboard", "User Details Copied to Clipboard", "User Details Copied to Clipboard", "User Details Copied to Clipboard",
"rl_invite_name", "Your Invite Name:", "Dein Name:", "Your Invite Name:", "Your Invite Name:", "Your Invite Name:", "Your Invite Name:", "Your Invite Name:", "Your Invite Name:", "Your Invite Name:", "Your Invite Name:", "Your Invite Name:", "Your Invite Name:", "Your Invite Name:", "Your Invite Name:",
"rl_copied_user_position", "Player Coordinates copied to Clipboard", "Spieler Koordinaten in Zwischenablage kopiert", "Player Coordinates copied to Clipboard", "Player Coordinates copied to Clipboard", "Player Coordinates copied to Clipboard", "Player Coordinates copied to Clipboard", "Player Coordinates copied to Clipboard", "Player Coordinates copied to Clipboard", "Player Coordinates copied to Clipboard", "Player Coordinates copied to Clipboard", "Player Coordinates copied to Clipboard", "Player Coordinates copied to Clipboard", "Player Coordinates copied to Clipboard", "Player Coordinates copied to Clipboard",
"rl_page_admin", "Admin", "Admin", "Admin", "Admin", "Admin", "Admin", "Admin", "Admin", "Admin", "Admin", "Admin", "Admin", "Admin", "Admin",
"rl_page_settings", "Settings", "Einstellungen", "Settings", "Settings", "Settings", "Settings", "Settings", "Settings", "Settings", "Settings", "Settings", "Settings", "Settings", "Settings",
"rl_page_group", "Group", "Gruppe", "Group", "Group", "Group", "Group", "Group", "Group", "Group", "Group", "Group", "Group", "Group", "Group",
"rl_page_info", "Info", "Info", "Info", "Info", "Info", "Info", "Info", "Info", "Info", "Info", "Info", "Info", "Info", "Info",
"rl_page_markers", "Markers", "Marker", "Markers", "Markers", "Markers", "Markers", "Markers", "Markers", "Markers", "Markers", "Markers", "Markers", "Markers", "Markers",
"rl_page_no_build", "No Build", "Bauverbotszonen", "No Build", "No Build", "No Build", "No Build", "No Build", "No Build", "No Build", "No Build", "No Build", "No Build", "No Build", "No Build",
"rl_input_open_map", "Open Map", "Karte öffnen", "Open Map", "Open Map", "Open Map", "Open Map", "Open Map", "Open Map", "Open Map", "Open Map", "Open Map", "Open Map", "Open Map", "Open Map",
"rl_input_open_map_group", "Open Group Page", "Gruppen Seite öffnen", "Open Group Page", "Open Group Page", "Open Group Page", "Open Group Page", "Open Group Page", "Open Group Page", "Open Group Page", "Open Group Page", "Open Group Page", "Open Group Page", "Open Group Page", "Open Group Page",
"rl_input_tactical_ping", "Tactical Ping", "Taktischer Ping", "Tactical Ping", "Tactical Ping", "Tactical Ping", "Tactical Ping", "Tactical Ping", "Tactical Ping", "Tactical Ping", "Tactical Ping", "Tactical Ping", "Tactical Ping", "Tactical Ping", "Tactical Ping",
"rl_input_clear_tactical_ping", "Clear Tactical Ping", "Taktischen Ping löschen", "Clear Tactical Ping", "Clear Tactical Ping", "Clear Tactical Ping", "Clear Tactical Ping", "Clear Tactical Ping", "Clear Tactical Ping", "Clear Tactical Ping", "Clear Tactical Ping", "Clear Tactical Ping", "Clear Tactical Ping", "Clear Tactical Ping", "Clear Tactical Ping",
"rl_input_accept_invite", "Accept Invite", "Gruppen-Einladung annehmen", "Accept Invite", "Accept Invite", "Accept Invite", "Accept Invite", "Accept Invite", "Accept Invite", "Accept Invite", "Accept Invite", "Accept Invite", "Accept Invite", "Accept Invite", "Accept Invite",
"rl_input_delete_marker", "Delete Marker", "Marker löschen", "Delete Marker", "Delete Marker", "Delete Marker", "Delete Marker", "Delete Marker", "Delete Marker", "Delete Marker", "Delete Marker", "Delete Marker", "Delete Marker", "Delete Marker", "Delete Marker",
"rl_input_toggle_visibility", "Toggle 3D Marker visibility", "3D Marker Anzeige umschalten", "Toggle 3D Marker visibility", "Toggle 3D Marker visibility", "Toggle 3D Marker visibility", "Toggle 3D Marker visibility", "Toggle 3D Marker visibility", "Toggle 3D Marker visibility", "Toggle 3D Marker visibility", "Toggle 3D Marker visibility", "Toggle 3D Marker visibility", "Toggle 3D Marker visibility", "Toggle 3D Marker visibility", "Toggle 3D Marker visibility",
"rl_input_chat_channel", "Switch Chat Channel", "Chat Channel ändern", "Switch Chat Channel", "Switch Chat Channel", "Switch Chat Channel", "Switch Chat Channel", "Switch Chat Channel", "Switch Chat Channel", "Switch Chat Channel", "Switch Chat Channel", "Switch Chat Channel", "Switch Chat Channel", "Switch Chat Channel", "Switch Chat Channel",
"rl_input_toggle_compass", "Toggle Compass", "Kompass umschalten", "Toggle Compass", "Toggle Compass", "Toggle Compass", "Toggle Compass", "Toggle Compass", "Toggle Compass", "Toggle Compass", "Toggle Compass", "Toggle Compass", "Toggle Compass", "Toggle Compass", "Toggle Compass",
"rl_input_toggle_playerlist", "Toggle Playerlist", "Spielerliste umschalten", "Toggle Playerlist", "Toggle Playerlist", "Toggle Playerlist", "Toggle Playerlist", "Toggle Playerlist", "Toggle Playerlist", "Toggle Playerlist", "Toggle Playerlist", "Toggle Playerlist", "Toggle Playerlist", "Toggle Playerlist", "Toggle Playerlist",
"rl_input_toggle_minimap", "Toggle Minimap", "Minimap umschalten", "Toggle Minimap", "Toggle Minimap", "Toggle Minimap", "Toggle Minimap", "Toggle Minimap", "Toggle Minimap", "Toggle Minimap", "Toggle Minimap", "Toggle Minimap", "Toggle Minimap", "Toggle Minimap", "Toggle Minimap",
"rl_sorting_RayLab", "RayLab", "RayLab", "RayLab", "RayLab", "RayLab", "RayLab", "RayLab", "RayLab", "RayLab", "RayLab", "RayLab", "RayLab", "RayLab", "RayLab",
"rl_sorting_group", "Group", "Gruppe", "Group", "Group", "Group", "Group", "Group", "Group", "Group", "Group", "Group", "Group", "Group", "Group",
"rl_sorting_admin", "Admin", "Admin", "Admin", "Admin", "Admin", "Admin", "Admin", "Admin", "Admin", "Admin", "Admin", "Admin", "Admin", "Admin",
"rl_global_chat", "Chat", "Chat", "Chat", "Chat", "Chat", "Chat", "Chat", "Chat", "Chat", "Chat", "Chat", "Chat", "Chat", "Chat", "Chat",
"rl_chat_channel", "Changed Text Channel to: ", "Text-Kanal geändert zu: ", "Changed Text Channel to: ", "Changed Text Channel to: ", "Changed Text Channel to: ", "Changed Text Channel to: ", "Changed Text Channel to: ", "Changed Text Channel to: ", "Changed Text Channel to: ", "Changed Text Channel to: ", "Changed Text Channel to: ", "Changed Text Channel to: ", "Changed Text Channel to: ", "Changed Text Channel to: ",
"ag_warning", "Warning", "Warnung", "Warning", "Warning", "Warning", "Warning", "Warning", "Warning", "Warning", "Warning", "Warning", "Warning", "Warning", "Warning",
"ag_ok", "Ok", "Okay", "Ok", "Ok", "Ok", "Ok", "Ok", "Ok", "Ok", "Ok", "Ok", "Ok", "Ok", "Ok",
"ag_warn_group_leave", "You are about to leave the group ! If you are the Leader, the next higher Member will become the new Leader. If you are the last member, the group will be deleted !", "Du bist dabei die Gruppe zu verlassen ! Bist du der Anführer, wird der nächst höhere Spieler der Anführer. Bist du der letzte Spieler, wird die Gruppe gelöscht !", "You are about to leave the group ! If you are the Leader, the next higher Member will become the new Leader. If you are the last member, the group will be deleted !", the group will be deleted !", the group will be deleted !", the group will be deleted !", the group will be deleted !", the group will be deleted !", the group will be deleted !", the group will be deleted !", the group will be deleted !", the group will be deleted !", the group will be deleted !", the group will be deleted !",
"ag_center_map_on_player", "Center Map on player on map open", "Karte auf Spieler Zentrieren", "Center Map on player on map open", "Center Map on player on map open", "Center Map on player on map open", "Center Map on player on map open", "Center Map on player on map open", "Center Map on player on map open", "Center Map on player on map open", "Center Map on player on map open", "Center Map on player on map open", "Center Map on player on map open", "Center Map on player on map open", "Center Map on player on map open",
